year,access_pessimistic,access_base,access_optimistic,usage_pessimistic,usage_base,usage_optimistic
2025,56.18421052631584,56.68421052631584,57.18421052631584,66.5,67.0,67.5
2026,58.5,58.5,58.5,66.0,66.0,66.0
2027,61.31578947368416,61.31578947368416,61.31578947368416,66.0,66.0,66.0
